model,coef,pval,ci_low,ci_high
Child mortality,-0.0019834253518129633,0.03533278869950274,-0.003830558489121779,-0.0001362922145041474
Life expectancy,0.07439069517791802,1.6300270266889072e-07,0.046581664513780485,0.10219972584205556
Maternal mortality,-0.007575767023115786,4.317278734511376e-08,-0.010283281679227948,-0.004868252367003624
