model,coef,pval,ci_low,ci_high
Child mortality,-0.0019834253518130392,0.03533278869947809,-0.0038305584891216785,-0.0001362922145043998
Life expectancy,0.07439069517791713,1.6300270266889072e-07,0.046581664513783025,0.10219972584205124
Maternal mortality,-0.007575767023115739,4.317278734511376e-08,-0.010283281679227825,-0.004868252367003652
